id;name;created_by;creation_date
1;firmware;Liaison compress proactive;2021-02-05T15:44:21
2;Pennsylvania Tasty Frozen Sausages;capacitor Data orchestrate;2021-02-05T17:23:08
3;Balboa US Dollar;Monitored;2021-02-06T07:53:52
4;Rustic Granite Car;cutting-edge;2021-02-06T01:06:41
5;Avon;Puerto Rico;2021-02-06T07:43:06
6;connecting;Toys Balboa US Dollar;2021-02-06T14:42:46
7;XSS;Chair Seamless;2021-02-06T01:14:30
8;Berkshire;Licensed Plastic Car Sports driver;2021-02-06T11:38:20
9;Utah Savings Account Dynamic;deposit hard drive;2021-02-06T01:11:14
10;payment SSL Health;PNG cross-platform Grocery;2021-02-05T23:04:35
