id;name;address;contact_no;contact_person;contact_person_no;created_by;created_date
1;Gourde US Dollar Manors override;indexing Personal Loan Account;haptic digital Group;Fantastic lime;transmit Soft;Avon;2021-02-07
2;deposit Savings Account;Rubber optical capacitor;Metal Granite;Bike Producer;Investor input sexy;technologies;2021-02-07
3;Trail Kina Investment Account;Soft Chief;open-source Investment Account Granite;hardware;Connecticut;infomediaries;2021-02-07
4;Advanced;Rhode Island Tuvalu Principal;circuit;Total;Hawaii;Niue;2021-02-07
5;Home Arizona;Markets;Pants;optical;revolutionize metrics;pixel programming;2021-02-07
6;SCSI;hard drive Garden Pants;magenta Focused Yemeni Rial;eco-centric;Nigeria;Tasty;2021-02-07
7;uniform Savings Account;intranet Convertible Marks Industrial;navigate;neural Bedfordshire Legacy;paradigms Auto Loan Account;programming;2021-02-07
8;backing up;Baby Coordinator;Avon compress;neutral;Alabama Adaptive card;Rustic;2021-02-07
9;Regional;Tasty Wooden Car Malaysia Practical Fresh Fish;Moldovan Leu RAM;SQL bleeding-edge;architect;Tools Cambridgeshire;2021-02-07
10;Switchable calculating;digital strategy;24/365 Personal Loan Account;action-items synthesize Ergonomic Metal Fish;Chicken navigate Fantastic Metal Shirt;teal Music Keyboard;2021-02-07
